"server","code","serviceCode","price","serviceList","serviceName"
"server6","irctc6","10151","13.0","ServiceList(serviceId=216, serviceCode=us, serviceName=IRCTC)","IRCTC"
"server2","rummyloot2","fl","11.0","ServiceList(serviceId=486, serviceCode=fl, serviceName=RummyLoot)","RummyLoot"
"server1","dominospizza1","dz","5.0","ServiceList(serviceId=101, serviceCode=dz, serviceName=Dominos Pizza)","DominosPizza"
"server1","royallyrummy1","yll","9.0","ServiceList(serviceId=645, serviceCode=yll, serviceName=Royally Rummy)","RoyallyRummy"
"server6","paytmold6","10015","20.0","ServiceList(serviceId=158, serviceCode=ge, serviceName=Paytm)","Paytm Old"
"server1","watcho1","aao","10.0","ServiceList(serviceId=636, serviceCode=aao, serviceName=Watcho)","Watcho"
"server1","teenpattirefer1","nen","10.0","ServiceList(serviceId=639, serviceCode=nen, serviceName=Teenpatti Refer)","TeenpattiRefer"
"server1","teenpattimaster1","nrt","10.0","ServiceList(serviceId=640, serviceCode=nrt, serviceName=Teenpatti Master)","TeenpattiMaster"
"server2","rummywealth2","so","10.0","ServiceList(serviceId=429, serviceCode=so, serviceName=Rummy Wealth)","RummyWealth"
"server6","flipkartnew6","10059","0.0","ServiceList(serviceId=143, serviceCode=xt, serviceName=Flipkart)","Flipkart New Number"
"server2","my11circle2","ha","7.0","ServiceList(serviceId=421, serviceCode=ha, serviceName=My11Circle)","My11Circle"
"server2","paytm2","ge","15.0","ServiceList(serviceId=158, serviceCode=ge, serviceName=Paytm)","Paytm"
"server1","teenpatijoy1","tnp","9.0","ServiceList(serviceId=490, serviceCode=tnp, serviceName=Teenpati joy)","Teenpatijoy"
"server1","teenpattistarpro1","ih","9.0","ServiceList(serviceId=122, serviceCode=ih, serviceName=TeenPattiStarpro)","TeenPattiStarpro"
"server2","truecaller2","tl","5.5","ServiceList(serviceId=484, serviceCode=tl, serviceName=Truecaller)","Truecaller"
"server2","amazon2","am","11.0","ServiceList(serviceId=17, serviceCode=am, serviceName=Amazon)","Amazon"
"server1","teenpatirummy31","tnr","9.0","ServiceList(serviceId=491, serviceCode=tnr, serviceName=Teenpati Rummy 3)","TeenpatiRummy3"
"server1","eliteludo1","eit","9.0","ServiceList(serviceId=609, serviceCode=eit, serviceName=Elite Ludo)","EliteLudo"
"server1","ludosupreme1","rod","9.0","ServiceList(serviceId=431, serviceCode=rod, serviceName=Ludosupreme)","Ludosupreme"
"server2","bajajfinserv2","bfs","11.0","ServiceList(serviceId=41, serviceCode=bfs, serviceName=Bajaj Finserv)","BajajFinserv"
"server6","winzo6","10575","13.0","ServiceList(serviceId=559, serviceCode=vs, serviceName=Winzo)","Winzo"
"server2","royalwin2","ku","7.0","ServiceList(serviceId=260, serviceCode=ku, serviceName=RoyalWin)","RoyalWin"
"server2","dream112","ve","17.0","ServiceList(serviceId=531, serviceCode=ve, serviceName=Dream11)","Dream11"
"server4","phonepe4","noh","8.0","ServiceList(serviceId=333, serviceCode=noh, serviceName=PhonePe)","PhonePe"
"server2","uber2","ub","8.0","ServiceList(serviceId=506, serviceCode=ub, serviceName=Uber)","Uber"
"server1","rummyola1","xb","7.0","ServiceList(serviceId=583, serviceCode=xb, serviceName=RummyOla)","RummyOla"
"server1","coinbase1","re","9.0","ServiceList(serviceId=416, serviceCode=re, serviceName=Coinbase)","Coinbase"
"server4","anyother4","ot","10.0","ServiceList(serviceId=359, serviceCode=ot, serviceName=Any other)","Anyother"
"server4","pocketcharge4","geo","9.0","ServiceList(serviceId=627, serviceCode=geo, serviceName=Pocket Charge)","PocketCharge"
"server4","google4","go","9.0","ServiceList(serviceId=168, serviceCode=go, serviceName=Google)","Google"
"server4","microsoft4","mm","8.0","ServiceList(serviceId=305, serviceCode=mm, serviceName=Microsoft)","Microsoft"
"server6","airtel6","10088","13.0","ServiceList(serviceId=594, serviceCode=zl, serviceName=Airtel)","Airtel"
"server6","flipkart6","10059","13.0","ServiceList(serviceId=143, serviceCode=xt, serviceName=Flipkart)","Flipkart"
"server6","amazon6","10074","13.0","ServiceList(serviceId=17, serviceCode=am, serviceName=Amazon)","Amazon"
"server6","dream116","10315","22.0","ServiceList(serviceId=531, serviceCode=ve, serviceName=Dream11)","Dream11"
"server1","aliexpress1","hx","5.0","ServiceList(serviceId=195, serviceCode=hx, serviceName=AliExpress)","AliExpress"
"server1","galaxywin1","af","9.0","ServiceList(serviceId=9, serviceCode=af, serviceName=GalaxyWin)","Galaxy win"
"server1","gamezy1","gmz","9.0","ServiceList(serviceId=167, serviceCode=gmz, serviceName=Gamezy)","Gamezy"
"server1","kotak8111","rv","9.0","ServiceList(serviceId=441, serviceCode=rv, serviceName=Kotak811)","Kotak811"
"server1","linkedin1","tn","5.0","ServiceList(serviceId=488, serviceCode=tn, serviceName=LinkedIN)","LinkedIN"
"server1","akudo1","rf","9.0","ServiceList(serviceId=251, serviceCode=rf, serviceName=Akudo)","Akudo"
"server1","meta1","vy","9.0","ServiceList(serviceId=544, serviceCode=vy, serviceName=Meta)","Meta"
"server4","dream114","ve","23.0","ServiceList(serviceId=531, serviceCode=ve, serviceName=Dream11)","Dream11"
"server1","snapchat1","fu","4.0","ServiceList(serviceId=146, serviceCode=fu, serviceName=Snapchat)","Snapchat"
"server1","ludo1","lnj","12.0","ServiceList(serviceId=280, serviceCode=lnj, serviceName=Ludo Ninja)","Ludo"
"server1","my11circle1","ha","8.0","ServiceList(serviceId=421, serviceCode=ha, serviceName=My11Circle)","My11Circle"
"server6","flipkartold6","10059","0.0","ServiceList(serviceId=143, serviceCode=xt, serviceName=Flipkart)","Flipkart Old Number"
"server6","whatsapp6","10007","40.0","ServiceList(serviceId=545, serviceCode=wa, serviceName=Whatsapp)","Whatsapp"
"server4","winzo4","wnz","12.0","ServiceList(serviceId=559, serviceCode=vs, serviceName=Winzo)","Winzo"
"server4","yonorummy4","yog","8.0","ServiceList(serviceId=642, serviceCode=mrn, serviceName=Yono Rummy)","YonoRummy"
"server1","airtel1","zl","0.0","ServiceList(serviceId=594, serviceCode=zl, serviceName=Airtel)","Airtel"
"server6","google6","10027","15.0","ServiceList(serviceId=168, serviceCode=go, serviceName=Google)","Google"
"server3","mobikwik3","fo","10.0","ServiceList(serviceId=304, serviceCode=fo, serviceName=MobiKwik)","MobiKwik"
"server4","paytm4","ge","18.0","ServiceList(serviceId=158, serviceCode=ge, serviceName=Paytm)","Paytm"
"server4","tataneu4","ttn","7.0","ServiceList(serviceId=505, serviceCode=uaa, serviceName=Tata Neu)","TataNeu"
"server1","firstcry1","itr","12.0","ServiceList(serviceId=611, serviceCode=itr, serviceName=FirstCry)","FirstCry"
"server3","google3","go","24.0","ServiceList(serviceId=168, serviceCode=go, serviceName=Google)","Google"
"server1","fun881","fnn","12.0","ServiceList(serviceId=612, serviceCode=fnn, serviceName=Fun88)","Fun88"
"server1","1kkirana1","uw","7.0","ServiceList(serviceId=241, serviceCode=uw, serviceName=1K Kirana)","1k kirana"
"server1","bigcash1","bgc","7.0","ServiceList(serviceId=43, serviceCode=bgc, serviceName=Big Cash)","Big Cash"
"server1","cityflo1","ofi","7.0","ServiceList(serviceId=682, serviceCode=ofi, serviceName=cityflo)","cityflo"
"server1","forexwin1","xow","7.0","ServiceList(serviceId=782, serviceCode=xow, serviceName=Forex Win)","ForexWin"
"server1","freechargeapp1","otp","7.0","ServiceList(serviceId=360, serviceCode=otp, serviceName=FreeCharge app)","FreeChargeapp"
"server1","frizza1","fza","7.0","ServiceList(serviceId=152, serviceCode=fza, serviceName=Frizza new app)","Frizza"
"server1","jio1","ioj","7.0","ServiceList(serviceId=786, serviceCode=ioj, serviceName=Jio)","Jio"
"server1","junio1","iio","7.0","ServiceList(serviceId=209, serviceCode=iio, serviceName=Junio)","Junio"
"server1","kullut1","ati","7.0","ServiceList(serviceId=785, serviceCode=ati, serviceName=Kullut)","Kullut"
"server1","upstox1","ttt","20.0","ServiceList(serviceId=771, serviceCode=ttt, serviceName=Upstox)","Upstox"
"server1","teenpattiwinpro1","enp","12.0","ServiceList(serviceId=118, serviceCode=enp, serviceName=Teenpatti WinPro)","TeenpattiWinPro"
"server1","porter1","prr","11.0","ServiceList(serviceId=652, serviceCode=prr, serviceName=Porter)","Porter"
"server1","amazon1","am","12.0","ServiceList(serviceId=17, serviceCode=am, serviceName=Amazon)","Amazon"
"server1","lg1","glg","12.0","ServiceList(serviceId=783, serviceCode=glg, serviceName=LG)","LG"
"server1","lcgbet1","egb","12.0","ServiceList(serviceId=784, serviceCode=egb, serviceName=Lcg bet)","Lcgbet"
"server1","tradex1","tad","12.0","ServiceList(serviceId=473, serviceCode=tad, serviceName=Trade X)","TradeX"
"server1","qbet1","teb","12.0","ServiceList(serviceId=778, serviceCode=teb, serviceName=Qbet)","Qbet"
"server1","dhani1","os","12.0","ServiceList(serviceId=356, serviceCode=os, serviceName=Dhani)","Dhani"
"server1","openai1","dr","12.0","ServiceList(serviceId=649, serviceCode=dr, serviceName=OpenAI)","OpenAI"
"server1","rummynobel1","ybl","11.0","ServiceList(serviceId=633, serviceCode=ybl, serviceName=Rummy nobel)","Rummynobel"
"server1","signal1","bw","11.0","ServiceList(serviceId=457, serviceCode=bw, serviceName=Signal)","Signal"
"server1","hobigames1","aea","11.0","ServiceList(serviceId=8, serviceCode=aea, serviceName=Hobi games)","Hobi Games"
"server1","royalwin1","ku","11.0","ServiceList(serviceId=260, serviceCode=ku, serviceName=RoyalWin)","RoyalWin"
"server1","rummybirkin1","yir","11.0","ServiceList(serviceId=623, serviceCode=yir, serviceName=Rummy Birkin)","Rummy Birkin"
"server1","rummycircle1","rmc","11.0","ServiceList(serviceId=423, serviceCode=rmc, serviceName=RummyCircle)","RummyCircle"
"server1","fiewin1","fwn","11.0","ServiceList(serviceId=148, serviceCode=fwn, serviceName=Fiewin)","Fiewin"
"server1","rummymaster1","msr","11.0","ServiceList(serviceId=641, serviceCode=msr, serviceName=Rummy master)","Rummymaster"
"server1","ace2three1","rh","11.0","ServiceList(serviceId=29, serviceCode=rh, serviceName=Ace2Three)","Ace2Three"
"server1","mpl1","xq","9.0","ServiceList(serviceId=569, serviceCode=xq, serviceName=MPL)","MPL"
"server1","betvet1","btv","9.0","ServiceList(serviceId=51, serviceCode=btv, serviceName=Betvet)","Betvet"
"server1","truecaller1","tl","9.0","ServiceList(serviceId=484, serviceCode=tl, serviceName=Truecaller)","Truecaller"
"server1","1mg1","1mg","9.0","ServiceList(serviceId=1, serviceCode=1mg, serviceName=1mg)","1mg"
"server1","nobroker1","dv","9.0","ServiceList(serviceId=97, serviceCode=dv, serviceName=NoBroker)","No broker"
"server1","grofers1","ln","9.0","ServiceList(serviceId=170, serviceCode=ln, serviceName=Grofers)","Grofers (Blinkit)"
"server1","apollo2471","oop","9.0","ServiceList(serviceId=352, serviceCode=oop, serviceName=Apollo 247)","Apollo 247"
"server1","iplwin1","yv","9.0","ServiceList(serviceId=274, serviceCode=yv, serviceName=IPLwin)","IPLwin"
"server1","myjar1","mjr","8.0","ServiceList(serviceId=303, serviceCode=mjr, serviceName=My Jar)","My Jar"
"server1","tataneu1","uaa","8.0","ServiceList(serviceId=505, serviceCode=uaa, serviceName=Tata Neu)","Tata Neu"
"server4","bajajfinserv4","bfs","6.0","ServiceList(serviceId=41, serviceCode=bfs, serviceName=Bajaj Finserv)","BajajFinserv"
"server4","countrydelight4","cod","8.0","ServiceList(serviceId=631, serviceCode=yhy, serviceName=Country Delight)","CountryDelight"
"server3","telegram3","tg","0.0","ServiceList(serviceId=478, serviceCode=tg, serviceName=Telegram)","Telegram"
"server1","rummyjunglee1","hi","9.0","ServiceList(serviceId=231, serviceCode=hi, serviceName=JungleeRummy)","Rummy junglee"
"server1","tiktok1","lf","5.0","ServiceList(serviceId=272, serviceCode=lf, serviceName=TikTok)","TikTok"
"server1","oyo1","oyo","9.0","ServiceList(serviceId=363, serviceCode=oyo, serviceName=OYO)","Oyo"
"server1","teenpatti1","tnp","9.0","ServiceList(serviceId=490, serviceCode=tnp, serviceName=Teenpati joy)","Teenpatti"
"server1","rummymodern1","mmm","9.0","ServiceList(serviceId=307, serviceCode=mmm, serviceName=Rummy Modern)","Rummy Modern"
"server1","lazypay1","bb","30.0","ServiceList(serviceId=597, serviceCode=bb, serviceName=LazyPay)","LazyPay"
"server4","fastwin4","fst","10.0","ServiceList(serviceId=634, serviceCode=tfs, serviceName=FastWin)","FastWin"
"server1","phonepe1","noh","9.0","ServiceList(serviceId=333, serviceCode=noh, serviceName=PhonePe)","Phonepe"
"server2","swiggy2","jx","15.0","ServiceList(serviceId=453, serviceCode=jx, serviceName=Swiggy)","Swiggy"
"server1","zepto1","zpt","7.5","ServiceList(serviceId=598, serviceCode=zpt, serviceName=Zepto)","Zepto"
"server1","yahoo1","mb","5.0","ServiceList(serviceId=292, serviceCode=mb, serviceName=Yahoo)","Yahoo"
"server6","simpl6","10606","13.0","ServiceList(serviceId=630, serviceCode=smpl, serviceName=Simpl)","Simpl"
"server6","zomato6","10050","13.0","ServiceList(serviceId=100, serviceCode=dy, serviceName=Zomato)","Zomato"
"server6","paytmnew6","10015","20.0","ServiceList(serviceId=158, serviceCode=ge, serviceName=Paytm)","Paytm New"
"server2","payzapp2","yp","10.0","ServiceList(serviceId=587, serviceCode=yp, serviceName=Payzapp)","Payzapp"
"server2","rummyola2","xb","11.0","ServiceList(serviceId=583, serviceCode=xb, serviceName=RummyOla)","RummyOla"
"server2","airtel2","zl","14.0","ServiceList(serviceId=594, serviceCode=zl, serviceName=Airtel)","Airtel"
"server2","microsoft2","mm","7.0","ServiceList(serviceId=305, serviceCode=mm, serviceName=Microsoft)","Microsoft"
"server1","damanbet1","ann","9.0","ServiceList(serviceId=651, serviceCode=ann, serviceName=Daman bet)","Damanbet"
"server1","teenpattigold1","ttg","8.0","ServiceList(serviceId=638, serviceCode=ttg, serviceName=Teenpatti gold)","Teenpattigold"
"server2","lazypay2","bb","150.0","ServiceList(serviceId=597, serviceCode=bb, serviceName=LazyPay)","LazyPay"
"server6","justdial6","10178","13.0","ServiceList(serviceId=227, serviceCode=ila, serviceName=Justdial)","Justdial"
"server1","licious1","cuo","9.0","ServiceList(serviceId=618, serviceCode=cuo, serviceName=Licious)","Licious"
"server6","myntra6","10182","20.0","ServiceList(serviceId=320, serviceCode=nl, serviceName=Myntra)","Myntra"
"server2","whatsapp2","wa","100.0","ServiceList(serviceId=545, serviceCode=wa, serviceName=Whatsapp)","Whatsapp"
"server1","happn1","df","8.0","ServiceList(serviceId=86, serviceCode=df, serviceName=Happn)","Happn"
"server1","ok.ru1","ok","3.0","ServiceList(serviceId=348, serviceCode=ok, serviceName=Ok.ru)","OK.ru"
"server2","winzo2","vs","10.0","ServiceList(serviceId=559, serviceCode=vs, serviceName=Winzo)","Winzo"
"server1","teenpattigo1","peo","10.0","ServiceList(serviceId=637, serviceCode=peo, serviceName=Teenpatti go)","Teenpattigo"
"server2","anyother2","ot","11.0","ServiceList(serviceId=359, serviceCode=ot, serviceName=Any other)","Anyother"
"server2","irctc2","us","20.0","ServiceList(serviceId=216, serviceCode=us, serviceName=IRCTC)","IRCTC"
"server1","fampay1","fmp","9.0","ServiceList(serviceId=142, serviceCode=fmp, serviceName=Fampay)","Fampay"
"server1","uberpaytmold1","ub","8.0","ServiceList(serviceId=506, serviceCode=ub, serviceName=Uber)","Uber + Paytm Old"
"server1","myntranew1","nl","9.0","ServiceList(serviceId=320, serviceCode=nl, serviceName=Myntra)","Myntra New"
"server1","protonmail1","dp","3.0","ServiceList(serviceId=94, serviceCode=dp, serviceName=ProtonMail)","ProtonMail"
"server6","swiggy6","10071","30.0","ServiceList(serviceId=453, serviceCode=jx, serviceName=Swiggy)","Swiggy"
"server6","bajajfinserv6","10612","13.0","ServiceList(serviceId=41, serviceCode=bfs, serviceName=Bajaj Finserv)","BajajFinserv"
"server1","rummymars1","sar","10.0","ServiceList(serviceId=657, serviceCode=sar, serviceName=Rummy Mars)","RummyMars"
"server1","telegramfarm1","tgf","0.0","ServiceList(serviceId=667, serviceCode=tgf, serviceName=Telegram Farm)","TelegramFarm"
"server6","telegram6","10035","0.0","ServiceList(serviceId=478, serviceCode=tg, serviceName=Telegram)","Telegram"
"server1","flipkartnew1","xt","0.0","ServiceList(serviceId=143, serviceCode=xt, serviceName=Flipkart)","Flipkart New Number"
"server1","flipkartold1","xt","0.0","ServiceList(serviceId=143, serviceCode=xt, serviceName=Flipkart)","Flipkart Old Number"
"server1","anyother1","ot","11.0","ServiceList(serviceId=359, serviceCode=ot, serviceName=Any other)","Any Other"
"server4","airtel4","zl","12.0","ServiceList(serviceId=594, serviceCode=zl, serviceName=Airtel)","Airtel"
"server3","winzo3","vs","15.0","ServiceList(serviceId=559, serviceCode=vs, serviceName=Winzo)","Winzo"
"server1","billu1","lul","7.0","ServiceList(serviceId=668, serviceCode=lul, serviceName=Billu)","Billu"
"server1","ludoempire1","lrl","12.0","ServiceList(serviceId=658, serviceCode=lrl, serviceName=Ludo empire)","Ludoempire"
"server1","bajajfinserv1","bfs","12.0","ServiceList(serviceId=41, serviceCode=bfs, serviceName=Bajaj Finserv)","BajajFinserv"
"server1","cardspattilounge1","tnl","7.0","ServiceList(serviceId=653, serviceCode=tnl, serviceName=CardsPatti Lounge)","CardsPattiLounge"
"server1","dubaiexch2471","uih","7.0","ServiceList(serviceId=684, serviceCode=uih, serviceName=Dubaiexch247)","Dubaiexch247"
"server1","finnable1","lli","7.0","ServiceList(serviceId=669, serviceCode=lli, serviceName=Finnable)","Finnable"
"server1","freehit1","teh","7.0","ServiceList(serviceId=680, serviceCode=teh, serviceName=Freehit)","Freehit"
"server1","kamaaikendra1","eid","7.0","ServiceList(serviceId=673, serviceCode=eid, serviceName=KamaaiKendra)","KamaaiKendra"
"server1","lucknow1","uuw","7.0","ServiceList(serviceId=685, serviceCode=uuw, serviceName=Lucknow)","Lucknow"
"server1","mandibhav1","atg","7.0","ServiceList(serviceId=781, serviceCode=atg, serviceName=Mandi Bhav)","MandiBhav"
"server1","mani7771","inn","7.0","ServiceList(serviceId=678, serviceCode=inn, serviceName=Mani777)","Mani777"
"server1","mantrimall1","mtm","7.0","ServiceList(serviceId=316, serviceCode=mtm, serviceName=Mantrimall)","Mantrimall"
"server1","tauruscash1","cha","7.0","ServiceList(serviceId=677, serviceCode=cha, serviceName=Taurus Cash)","TaurusCash"
"server1","teenpatti3agold1","dlp","7.0","ServiceList(serviceId=679, serviceCode=dlp, serviceName=TeenPatti 3A Gold)","TeenPatti3AGold"
"server1","wincash1","cwi","7.0","ServiceList(serviceId=663, serviceCode=cwi, serviceName=WinCash)","WinCash"
"server1","payzapp1","yp","13.0","ServiceList(serviceId=587, serviceCode=yp, serviceName=Payzapp)","Payzapp"
"server1","zupee1","mi","7.0","ServiceList(serviceId=600, serviceCode=mi, serviceName=Zupee)","Zupee"
"server1","winzo1","vs","14.0","ServiceList(serviceId=559, serviceCode=vs, serviceName=Winzo)","Winzo"
"server1","justdial1","ila","12.0","ServiceList(serviceId=227, serviceCode=ila, serviceName=Justdial)","Justdial"
"server1","snapdeal1","dsa","12.0","ServiceList(serviceId=632, serviceCode=dsa, serviceName=Snapdeal)","Snapdeal"
"server1","pocketcharge1","geo","12.0","ServiceList(serviceId=627, serviceCode=geo, serviceName=Pocket Charge)","PocketCharge"
"server1","ibet1","tie","12.0","ServiceList(serviceId=659, serviceCode=tie, serviceName=ibet)","ibet"
"server1","rummywealth1","so","11.0","ServiceList(serviceId=429, serviceCode=so, serviceName=Rummy Wealth)","Rummy Wealth"
"server1","loreal1","lrr","12.0","ServiceList(serviceId=779, serviceCode=lrr, serviceName=Loreal)","Loreal"
"server1","rush1","kv","12.0","ServiceList(serviceId=439, serviceCode=rsh, serviceName=Rush)","Rush"
"server1","sugargold1","gog","12.0","ServiceList(serviceId=655, serviceCode=gog, serviceName=Sugar Gold)","SugarGold"
"server1","syndiclub1","nls","11.0","ServiceList(serviceId=661, serviceCode=nls, serviceName=Syndi club)","Syndiclub"
"server1","rummy1","rmm","11.0","ServiceList(serviceId=426, serviceCode=rmm, serviceName=Rummy)","Rummy"
"server1","fastwin1","tfs","11.0","ServiceList(serviceId=634, serviceCode=tfs, serviceName=FastWin)","FastWin"
"server1","probo1","aa","11.0","ServiceList(serviceId=383, serviceCode=aa, serviceName=Probo)","Probo"
"server1","cred1","edd","11.0","ServiceList(serviceId=662, serviceCode=edd, serviceName=Cred)","Cred"
"server1","rummyglee1","yrl","11.0","ServiceList(serviceId=647, serviceCode=yrl, serviceName=Rummy glee)","Rummyglee"
"server1","holyrummy1","mmt","11.0","ServiceList(serviceId=614, serviceCode=mmt, serviceName=HolyRummy)","HolyRummy"
"server1","rummygold1","rmg","11.0","ServiceList(serviceId=424, serviceCode=rmg, serviceName=Rummy gold)","Rummy Gold"
"server1","pharmeasy1","fc","9.0","ServiceList(serviceId=372, serviceCode=fc, serviceName=PharmEasy)","Pharmeasy"
"server1","myntra1","nl","9.0","ServiceList(serviceId=320, serviceCode=nl, serviceName=Myntra)","Myntra"
"server1","24kbet1","bte","9.0","ServiceList(serviceId=687, serviceCode=bte, serviceName=24K BET)","24KBET"
"server1","fairbets1","tii","9.0","ServiceList(serviceId=675, serviceCode=tii, serviceName=FairBets)","FairBets"
"server1","joymall1","mjo","9.0","ServiceList(serviceId=302, serviceCode=mjo, serviceName=joymall)","Joymall"
"server1","adda521","a52","9.0","ServiceList(serviceId=2, serviceCode=a52, serviceName=Adda52)","Adda52"
"server1","uber1","ub","6.0","ServiceList(serviceId=506, serviceCode=ub, serviceName=Uber)","Uber"
"server1","viber1","vi","6.0","ServiceList(serviceId=535, serviceCode=vi, serviceName=Viber)","Viber"
"server1","roposo1","ga","6.0","ServiceList(serviceId=153, serviceCode=ga, serviceName=Roposo)","Roposo"
"server1","zeeto1","tot","8.0","ServiceList(serviceId=777, serviceCode=tot, serviceName=Zeeto)","Zeeto"
"server1","myfab111","mfb","9.0","ServiceList(serviceId=298, serviceCode=mfb, serviceName=Myfab11)","Myfab11"
"server1","telegram1","tg","70.0","ServiceList(serviceId=478, serviceCode=tg, serviceName=Telegram)","Telegram"
"server1","indianoil1","fg","18.0","ServiceList(serviceId=660, serviceCode=fg, serviceName=Indian Oil)","IndianOil"
"server3","whatsapp3","wa","0.0","ServiceList(serviceId=545, serviceCode=wa, serviceName=Whatsapp)","Whatsapp"
"server1","flipkart1","xt","9.0","ServiceList(serviceId=143, serviceCode=xt, serviceName=Flipkart)","Flipkart"
"server1","olx1","sn","5.0","ServiceList(serviceId=462, serviceCode=sn, serviceName=OLX)","OLX"
"server3","fastwin3","fst","8.0","ServiceList(serviceId=634, serviceCode=tfs, serviceName=FastWin)","FastWin"
"server1","yoswin1","iww","6.0","ServiceList(serviceId=716, serviceCode=iww, serviceName=Yoswin)","Yoswin"
"server1","fitcredit1","ess","8.0","ServiceList(serviceId=626, serviceCode=ess, serviceName=Fit.Credit)","FitCredit"
"server4","amazon4","am","10.0","ServiceList(serviceId=17, serviceCode=am, serviceName=Amazon)","Amazon"
"server1","dream111","ve","12.0","ServiceList(serviceId=531, serviceCode=ve, serviceName=Dream11)","Dream11"
"server1","nexmovonage1","xno","7.0","ServiceList(serviceId=701, serviceCode=xno, serviceName=Nexmo/vonage)","Nexmovonage"
"server1","1bet1","wj","7.0","ServiceList(serviceId=553, serviceCode=wj, serviceName=1Ñ…bet)","1bet"
"server1","alibaba1","ab","7.0","ServiceList(serviceId=5, serviceCode=ab, serviceName=Alibaba)","Alibaba"
"server1","angelonelimited1","aha","7.0","ServiceList(serviceId=690, serviceCode=aha, serviceName=Angel One Limited)","AngelOneLimited"
"server1","egpaymentrechargecashback1","gke","7.0","ServiceList(serviceId=703, serviceCode=gke, serviceName=EGPayment-RechargeCashback)","EGPaymentRechargeCashback"
"server1","gcloot1","clo","7.0","ServiceList(serviceId=731, serviceCode=clo, serviceName=GCLoot)","GCLoot"
"server1","goldsbet1","sgo","7.0","ServiceList(serviceId=709, serviceCode=sgo, serviceName=Goldsbet)","Goldsbet"
"server1","kalashapp1","kla","7.0","ServiceList(serviceId=776, serviceCode=kla, serviceName=Kalash APP)","KalashAPP"
"server1","lilibet1","lii","7.0","ServiceList(serviceId=745, serviceCode=lii, serviceName=LiliBet)","LiliBet"
"server1","nexablock1","xcx","7.0","ServiceList(serviceId=700, serviceCode=xcx, serviceName=NexaBlock)","NexaBlock"
"server1","nielsen1","ele","7.0","ServiceList(serviceId=112, serviceCode=ele, serviceName=Nielsen)","Nielsen"
"server1","nielsenmobileconnectpannel1","eic","7.0","ServiceList(serviceId=719, serviceCode=eic, serviceName=Nielsen mobile connect pannel)","Nielsenmobileconnectpannel"
"server1","okcupid1","puc","7.0","ServiceList(serviceId=742, serviceCode=puc, serviceName=OK Cupid)","OKCupid"
"server1","oriocricket1","erc","7.0","ServiceList(serviceId=708, serviceCode=erc, serviceName=Oriocricket)","Oriocricket"
"server1","outlier1","ere","7.0","ServiceList(serviceId=681, serviceCode=are, serviceName=Outlier)","Outlier"
"server1","paypal1","ts","7.0","ServiceList(serviceId=497, serviceCode=ts, serviceName=PayPal)","PayPal"
"server1","phable1","pbl","7.0","ServiceList(serviceId=366, serviceCode=pbl, serviceName=Phable)","Phable"
"server1","pococha1","cpo","7.0","ServiceList(serviceId=735, serviceCode=cpo, serviceName=Pococha)","Pococha"
"server1","stockmock1","oko","7.0","ServiceList(serviceId=696, serviceCode=oko, serviceName=Stock Mock)","StockMock"
"server1","stoxhero1","rxh","7.0","ServiceList(serviceId=722, serviceCode=rxh, serviceName=Stoxhero)","Stoxhero"
"server1","superbook2471","oou","7.0","ServiceList(serviceId=704, serviceCode=oou, serviceName=Superbook247)","Superbook247"
"server1","syenapp1","pea","7.0","ServiceList(serviceId=729, serviceCode=pea, serviceName=SyenApp)","SyenApp"
"server1","taprummy1","ymm","7.0","ServiceList(serviceId=695, serviceCode=ymm, serviceName=Tap Rummy)","TapRummy"
"server1","tatacliq1","ait","7.0","ServiceList(serviceId=13, serviceCode=ait, serviceName=TataCliq)","Tatacliq"
"server1","taxaal1","laa","7.0","ServiceList(serviceId=710, serviceCode=laa, serviceName=Taxaal)","Taxaal"
"server1","timesprime1","mme","7.0","ServiceList(serviceId=306, serviceCode=mme, serviceName=Times Prime)","TimesPrime"
"server1","twelfthman1","twm","7.0","ServiceList(serviceId=502, serviceCode=twm, serviceName=Twelfth Man)","Twelfth Man"
"server1","unicorn3651","onr","7.0","ServiceList(serviceId=711, serviceCode=onr, serviceName=Unicorn365)","Unicorn365"
"server1","vymo1","vvy","7.0","ServiceList(serviceId=725, serviceCode=vvy, serviceName=VYMO)","VYMO"
"server1","winfortune1","nwt","7.0","ServiceList(serviceId=712, serviceCode=nwt, serviceName=Win Fortune)","WinFortune"
"server1","wolt1","rr","7.0","ServiceList(serviceId=434, serviceCode=rr, serviceName=Wolt)","Wolt"
"server1","xl11in1","nln","7.0","ServiceList(serviceId=739, serviceCode=nln, serviceName=XL11.in)","XL11in"
"server1","yatra1","aat","7.0","ServiceList(serviceId=698, serviceCode=aat, serviceName=Yatra)","Yatra"
"server1","yonoarcade1","deo","7.0","ServiceList(serviceId=691, serviceCode=deo, serviceName=Yono Arcade)","YonoArcade"
"server1","zomatohyperpure1","hyo","7.0","ServiceList(serviceId=721, serviceCode=hyo, serviceName=Zomato hyper pure)","Zomatohyperpure"
"server1","ztlgame1","tzz","7.0","ServiceList(serviceId=699, serviceCode=tzz, serviceName=ZTL game)","ZTLgame"
"server1","irctc1","us","12.0","ServiceList(serviceId=216, serviceCode=us, serviceName=IRCTC)","IRCTC"
"server1","vip3patti1","ttp","12.0","ServiceList(serviceId=717, serviceCode=ttp, serviceName=VIP 3 Patti)","VIP3Patti"
"server1","licgames1","lmm","11.0","ServiceList(serviceId=654, serviceCode=lmm, serviceName=LIC Games)","LICGames"
"server1","rummyares1","ras","11.0","ServiceList(serviceId=741, serviceCode=ras, serviceName=Rummy Ares)","RummyAres"
"server1","krummy1","mkr","9.0","ServiceList(serviceId=732, serviceCode=mkr, serviceName=K Rummy)","KRummy"
"server1","rummymate1","tmm","9.0","ServiceList(serviceId=689, serviceCode=tmm, serviceName=Rummy Mate)","RummyMate"
"server1","yonovip1","nio","9.0","ServiceList(serviceId=726, serviceCode=nio, serviceName=Yono VIP)","YonoVIP"
"server1","lyft1","tu","9.0","ServiceList(serviceId=151, serviceCode=tu, serviceName=Lyft)","Lyft"
"server1","rummyyes1","usy","9.0","ServiceList(serviceId=688, serviceCode=usy, serviceName=Rummy Yes)","RummyYes"
"server1","567slots1","tss","9.0","ServiceList(serviceId=693, serviceCode=tss, serviceName=567 Slots)","567Slots"
"server1","jiomart1","jim","9.0","ServiceList(serviceId=234, serviceCode=jim, serviceName=Jiomart)","Jiomart"
"server1","rummyleader1","ery","9.0","ServiceList(serviceId=727, serviceCode=ery, serviceName=Rummy Leader)","RummyLeader"
"server1","rummyadda1","duy","9.0","ServiceList(serviceId=705, serviceCode=duy, serviceName=Rummy adda)","Rummyadda"
"server1","vegascasino1","gas","9.0","ServiceList(serviceId=648, serviceCode=gas, serviceName=Vegas Casino)","VegasCasino"
"server1","yonorummy1","mrn","9.0","ServiceList(serviceId=642, serviceCode=mrn, serviceName=Yono Rummy)","YonoRummy"
"server1","rozdhan1","han","9.0","ServiceList(serviceId=180, serviceCode=han, serviceName=RozDhan)","RozDhan"
"server1","stickpool1","scp","9.0","ServiceList(serviceId=447, serviceCode=scp, serviceName=StickPool)","Stickpool"
"server1","teenpattilive20241","tvi","9.0","ServiceList(serviceId=723, serviceCode=tvi, serviceName=TeenPatti Live 2024)","TeenPattiLive2024"
"server1","truemeds1","tdr","9.0","ServiceList(serviceId=624, serviceCode=tdr, serviceName=TRUEMEDS)","TRUEMEDS"
"server1","flash1","lhh","6.0","ServiceList(serviceId=650, serviceCode=lhh, serviceName=Flash)","Flash"
"server1","sbicard1","amg","6.0","ServiceList(serviceId=643, serviceCode=amg, serviceName=SBI Card)","SBICard"
"server1","discord1","ds","6.0","ServiceList(serviceId=95, serviceCode=ds, serviceName=Discord)","Discord"
"server1","netflix1","nf","6.0","ServiceList(serviceId=326, serviceCode=nf, serviceName=Netflix)","Netflix"
"server1","tinder1","oi","6.0","ServiceList(serviceId=347, serviceCode=oi, serviceName=Tinder)","Tinder"
"server1","aol1","pm","6.0","ServiceList(serviceId=376, serviceCode=pm, serviceName=AOL)","AOL"
"server1","winds1","dsw","6.0","ServiceList(serviceId=635, serviceCode=dsw, serviceName=Winds)","Winds"
"server1","facebook1","fb","7.0","ServiceList(serviceId=130, serviceCode=fb, serviceName=Facebook)","Facebook"
"server1","airindia1","aia","8.0","ServiceList(serviceId=744, serviceCode=aia, serviceName=Air India)","AirIndia"
"server1","indigg1","nii","8.0","ServiceList(serviceId=737, serviceCode=nii, serviceName=Indi.gg)","Indigg"
"server1","housing1","ogs","8.0","ServiceList(serviceId=734, serviceCode=ogs, serviceName=Housing)","Housing"
"server1","aiogames1","eam","8.0","ServiceList(serviceId=104, serviceCode=eam, serviceName=AIO Games)","AIO Games"
"server1","thedermaco1","aec","8.0","ServiceList(serviceId=672, serviceCode=aec, serviceName=The Derma Co)","TheDermaCo"
"server1","snapay1","say","8.0","ServiceList(serviceId=697, serviceCode=say, serviceName=Snapay)","Snapay"
"server1","star1111","sra","8.0","ServiceList(serviceId=707, serviceCode=sra, serviceName=Star111)","Star111"
"server1","countrydelight1","yhy","9.0","ServiceList(serviceId=631, serviceCode=yhy, serviceName=Country Delight)","CountryDelight"
"server1","disneyhotstar1","ud","6.0","ServiceList(serviceId=508, serviceCode=ud, serviceName=Disney Hotstar)","DisneyHotstar"
"server4","rummywealth4","rmw","0.0","ServiceList(serviceId=429, serviceCode=so, serviceName=Rummy Wealth)","RummyWealth"
"server1","dream11old1","ve","0.0","ServiceList(serviceId=531, serviceCode=ve, serviceName=Dream11)","Dream11 Old Number"
"server2","dream11new2","ve","0.0","ServiceList(serviceId=531, serviceCode=ve, serviceName=Dream11)","Dream11 New Number"
"server1","dream11new1","ve","0.0","ServiceList(serviceId=531, serviceCode=ve, serviceName=Dream11)","Dream11 New Number"
"server6","dream11new6","10315","0.0","ServiceList(serviceId=531, serviceCode=ve, serviceName=Dream11)","Dream11 New Number"
"server4","rush4","rsh","9.0","ServiceList(serviceId=439, serviceCode=rsh, serviceName=Rush)","Rush"
"server4","flipkart4","flp","13.0","ServiceList(serviceId=143, serviceCode=xt, serviceName=Flipkart)","Flipkart"
"server4","joymall4","mjo","7.0","ServiceList(serviceId=302, serviceCode=mjo, serviceName=joymall)","joymall"
"server4","rummyola4","ymy","8.0","ServiceList(serviceId=583, serviceCode=xb, serviceName=RummyOla)","RummyOla"
"server4","swiggy4","jx","10.0","ServiceList(serviceId=453, serviceCode=jx, serviceName=Swiggy)","Swiggy"
"server4","lazypay4","bb","10.0","ServiceList(serviceId=597, serviceCode=bb, serviceName=LazyPay)","LazyPay"
"server4","cockfight4","ccf","7.0","ServiceList(serviceId=59, serviceCode=ccf, serviceName=CockFight)","CockFight"
"server1","ajio1","ooi","0.0","ServiceList(serviceId=740, serviceCode=ooi, serviceName=Ajio)","Ajio"
"server1","instagram1","ig","9.0","ServiceList(serviceId=204, serviceCode=ig, serviceName=Instagram)","Instagram"
"server4","bharatpe4","bhr","10.0","ServiceList(serviceId=792, serviceCode=aab, serviceName=BharatPe)","BharatPe"
"server4","rummycircle4","adj","7.0","ServiceList(serviceId=423, serviceCode=rmc, serviceName=RummyCircle)","RummyCircle"
"server4","blablacar4","ua","9.0","ServiceList(serviceId=504, serviceCode=ua, serviceName=BlaBlaCar)","BlaBlaCar"
"server4","truecaller4","tl","7.0","ServiceList(serviceId=484, serviceCode=tl, serviceName=Truecaller)","Truecaller"
"server6
","WhatsappLogin6","10029","20.0","ServiceList(serviceId=545, serviceCode=wa, serviceName=Whatsapp)","Whatsapp"
"server6","whatsappBest6","10705","100.0","ServiceList(serviceId=545, serviceCode=wa, serviceName=Whatsapp)","Whatsapp"
"server4","rummymaster4","rmr","7.0","ServiceList(serviceId=641, serviceCode=msr, serviceName=Rummy master)","Rummymaster"
"server1","zomato1","dy","9.0","ServiceList(serviceId=100, serviceCode=dy, serviceName=Zomato)","Zomato"
"server4","shopsy4","sho","14.0","ServiceList(serviceId=801, serviceCode=yps, serviceName=Shopsy)","Shopsy"
"server4","tauruscash4","tac","8.0","ServiceList(serviceId=677, serviceCode=cha, serviceName=Taurus Cash)","TaurusCash"
"server4","rummyyes4","rmy","7.0","ServiceList(serviceId=688, serviceCode=usy, serviceName=Rummy Yes)","RummyYes"
"server1","teenpattiyes1","spy","9.0","ServiceList(serviceId=802, serviceCode=spy, serviceName=Teenpatti Yes)","TeenpattiYes"
"server4","spincrush4","scc","9.0","ServiceList(serviceId=799, serviceCode=sup, serviceName=SpinCrush)","SpinCrush"
"server1","airtelmerchant1","nit","0.0","ServiceList(serviceId=629, serviceCode=nit, serviceName=Airtel Merchant)","AirtelMerchant"
"server1","rummyjoy1","rjy","0.0","ServiceList(serviceId=419, serviceCode=rjy, serviceName=rummy Joy)","Rummy Joy"
"server1","spincrush1","sup","10.0","ServiceList(serviceId=799, serviceCode=sup, serviceName=SpinCrush)","SpinCrush"
"server1","narendramodi1","nem","0.0","ServiceList(serviceId=805, serviceCode=nem, serviceName=Narendra Modi)","NarendraModi"
"server3","paytm3","ge","10.0","ServiceList(serviceId=158, serviceCode=ge, serviceName=Paytm)","Paytm"
"server4","googlemessaging4","gss","10.0","ServiceList(serviceId=804, serviceCode=llo, serviceName=Google Messaging)","GoogleMessaging"
"server4","mobikwik4","fo","10.0","ServiceList(serviceId=304, serviceCode=fo, serviceName=MobiKwik)","MobiKwik"
"server3","dream113","ve","18.0","ServiceList(serviceId=531, serviceCode=ve, serviceName=Dream11)","Dream11"
"server3","amazon3","am","15.0","ServiceList(serviceId=17, serviceCode=am, serviceName=Amazon)","Amazon"
"server3","zupee3","mi","15.0","ServiceList(serviceId=600, serviceCode=mi, serviceName=Zupee)","Zupee"
"server1","swiggynewnumber1","jx","22.0","ServiceList(serviceId=453, serviceCode=jx, serviceName=Swiggy)","Swiggy New Number"
"server4","whatsapp4","wa","71.0","ServiceList(serviceId=545, serviceCode=wa, serviceName=Whatsapp)","Whatsapp"
"server4","rummynobel4","rmb","8.0","ServiceList(serviceId=633, serviceCode=ybl, serviceName=Rummy nobel)","Rummynobel"
"server4","jaatbet4","jaa","7.0","ServiceList(serviceId=807, serviceCode=jaa, serviceName=Jaatbet)","Jaatbet"
"server4","park4","pak","7.0","ServiceList(serviceId=808, serviceCode=pak, serviceName=Park+)","Park"
"server4","uber4","ub","7.0","ServiceList(serviceId=506, serviceCode=ub, serviceName=Uber)","Uber"
"server4","irctc4","irc","13.0","ServiceList(serviceId=216, serviceCode=us, serviceName=IRCTC)","IRCTC"
"server1","bumble1","bum","7.0","ServiceList(serviceId=753, serviceCode=bum, serviceName=Bumble)","Bumble"
"server1","cricketcom1","ctc","7.0","ServiceList(serviceId=762, serviceCode=ctc, serviceName=Cricket.com)","Cricketcom"
"server1","cultfit1","tut","7.0","ServiceList(serviceId=787, serviceCode=tut, serviceName=Cult.fit)","Cultfit"
"server1","doorverse1","aqv","7.0","ServiceList(serviceId=761, serviceCode=aqv, serviceName=Doorverse)","Doorverse"
"server1","jungleepoker1","reg","7.0","ServiceList(serviceId=806, serviceCode=reg, serviceName=Junglee Poker)","JungleePoker"
"server1","lizol1","loi","7.0","ServiceList(serviceId=763, serviceCode=loi, serviceName=Lizol)","Lizol"
"server1","lulumalls1","msl","7.0","ServiceList(serviceId=789, serviceCode=msl, serviceName=Lulumalls)","Lulumalls"
"server1","mpartner1","rnr","7.0","ServiceList(serviceId=764, serviceCode=rnr, serviceName=MPartner)","MPartner"
"server1","parimatch1","prm","7.0","ServiceList(serviceId=385, serviceCode=prm, serviceName=Parimatch)","Parimatch"
"server1","primeopinion1","mpi","7.0","ServiceList(serviceId=752, serviceCode=mpi, serviceName=Prime Opinion)","PrimeOpinion"
"server1","richkart1","aqk","7.0","ServiceList(serviceId=750, serviceCode=aqk, serviceName=Richkart)","Richkart"
"server1","spin1011","npp","7.0","ServiceList(serviceId=788, serviceCode=npp, serviceName=Spin 101)","Spin101"
"server1","vanaasthal1","aqj","7.0","ServiceList(serviceId=749, serviceCode=aqj, serviceName=Vanaasthal)","Vanaasthal"
"server1","vishalmegamart1","gha","7.0","ServiceList(serviceId=755, serviceCode=gha, serviceName=Vishal Mega Mart)","VishalMegaMart"
"server1","xreward1","aqo","7.0","ServiceList(serviceId=757, serviceCode=aqo, serviceName=xREWARD)","xREWARD"
"server4","zomato4","dy","7.0","ServiceList(serviceId=100, serviceCode=dy, serviceName=Zomato)","Zomato"
"server1","mobikwik1","fo","8.0","ServiceList(serviceId=304, serviceCode=fo, serviceName=MobiKwik)","Mobikwik"
"server1","woohoo1","ooh","12.0","ServiceList(serviceId=793, serviceCode=ooh, serviceName=Woohoo)","Woohoo"
"server1","google1","go","25.0","ServiceList(serviceId=168, serviceCode=go, serviceName=Google)","Google (Gmail)"
"server1","mstock1","cts","12.0","ServiceList(serviceId=751, serviceCode=cts, serviceName=M Stock)","MStock"
"server1","indiamart1","rar","12.0","ServiceList(serviceId=759, serviceCode=rar, serviceName=Indiamart)","Indiamart"
"server1","leonbet1","btl","12.0","ServiceList(serviceId=769, serviceCode=btl, serviceName=Leon Bet)","LeonBet"
"server1","classicrummy1","crm","11.0","ServiceList(serviceId=74, serviceCode=crm, serviceName=Classicrummy)","Classicrummy"
"server1","tigergames1","sre","12.0","ServiceList(serviceId=780, serviceCode=sre, serviceName=Tiger games)","Tigergames"
"server1","rummymillionaire1","lir","11.0","ServiceList(serviceId=275, serviceCode=lir, serviceName=Rummymillionaire)","Rummymillionaire"
"server1","veerabrowser1","ree","12.0","ServiceList(serviceId=770, serviceCode=ree, serviceName=Veera Browser)","VeeraBrowser"
"server1","shopsy1","yps","11.0","ServiceList(serviceId=801, serviceCode=yps, serviceName=Shopsy)","Shopsy"
"server1","luckyclub1","ulc","9.0","ServiceList(serviceId=767, serviceCode=ulc, serviceName=Lucky Club)","LuckyClub"
"server1","tajrummy1","tuj","9.0","ServiceList(serviceId=775, serviceCode=tuj, serviceName=TAJ Rummy)","TAJRummy"
"server1","magicpin1","ngc","9.0","ServiceList(serviceId=327, serviceCode=ngc, serviceName=Magicpin)","Magicpin"
"server1","spin7771","pnn","9.0","ServiceList(serviceId=738, serviceCode=pnn, serviceName=Spin777)","Spin777"
"server1","rummybloc1","cmy","9.0","ServiceList(serviceId=686, serviceCode=cmy, serviceName=Rummy Bloc)","RummyBloc"
"server1","rummyregal1","lmr","9.0","ServiceList(serviceId=694, serviceCode=lmr, serviceName=Rummy Regal)","RummyRegal"
"server1","startwin1","tsi","9.0","ServiceList(serviceId=765, serviceCode=tsi, serviceName=Startwin)","Startwin"
"server1","cockfight1","ccf","9.0","ServiceList(serviceId=59, serviceCode=ccf, serviceName=CockFight)","CockFight"
"server1","confirmtkt1","ror","9.0","ServiceList(serviceId=774, serviceCode=ror, serviceName=ConfirmTkt)","ConfirmTkt"
"server1","indiapolls1","pls","9.0","ServiceList(serviceId=790, serviceCode=pls, serviceName=Indiapolls)","Indiapolls"
"server1","e2zstore1","ter","9.0","ServiceList(serviceId=768, serviceCode=ter, serviceName=e2zSTORE)","e2zSTORE"
"server1","mantrishop1","prh","9.0","ServiceList(serviceId=766, serviceCode=prh, serviceName=Mantrishop)","Mantrishop"
"server1","truepay1","tau","9.0","ServiceList(serviceId=795, serviceCode=tau, serviceName=Truepay)","Truepay"
"server1","blablacar1","ua","6.0","ServiceList(serviceId=504, serviceCode=ua, serviceName=BlaBlaCar)","BlaBlaCar"
"server1","youthcongress1","coc","7.0","ServiceList(serviceId=71, serviceCode=coc, serviceName=Youth Congress)","YouthCongress"
"server1","telegramcode1","tgc","100.0","ServiceList(serviceId=791, serviceCode=tgc, serviceName=Telegram code)","Telegramcode"
"server1","thehaat1","hte","30.0","ServiceList(serviceId=803, serviceCode=hte, serviceName=The Haat)","TheHaat"
"server1","googlemessaging1","llo","25.0","ServiceList(serviceId=804, serviceCode=llo, serviceName=Google Messaging)","GoogleMessaging"
"server1","swiggy1","jx","25.0","ServiceList(serviceId=453, serviceCode=jx, serviceName=Swiggy)","Swiggy"
"server4","narendramodi4","nem","13.0","ServiceList(serviceId=805, serviceCode=nem, serviceName=Narendra Modi)","NarendraModi"
"server4","mediaexpress4","mex","8.0","ServiceList(serviceId=809, serviceCode=mex, serviceName=Media Express)","MediaExpress"
"server4","rummyeast4","rme","7.0","ServiceList(serviceId=810, serviceCode=rme, serviceName=Rummy East)","RummyEast"
"server3","airtel3","zl","12.0","ServiceList(serviceId=594, serviceCode=zl, serviceName=Airtel)","Airtel"
"server3","irctc3","us","15.0","ServiceList(serviceId=216, serviceCode=us, serviceName=IRCTC)","IRCTC"
"server1","swiggyoldnumber1","jx","25.0","ServiceList(serviceId=453, serviceCode=jx, serviceName=Swiggy)","Swiggy Old Number"
"server4","vegascasino4","vec","9.0","ServiceList(serviceId=648, serviceCode=gas, serviceName=Vegas Casino)","VegasCasino"
"server1","whatsapp1","wa","90.0","ServiceList(serviceId=545, serviceCode=wa, serviceName=Whatsapp)","Whatsapp"
"server4","rummyloot4","fl","7.0","ServiceList(serviceId=486, serviceCode=fl, serviceName=RummyLoot)","RummyLoot"
"server3","microsoft3","mm","15.0","ServiceList(serviceId=305, serviceCode=mm, serviceName=Microsoft)","Microsoft"
"server3","flipkart3","xt","12.0","ServiceList(serviceId=143, serviceCode=xt, serviceName=Flipkart)","Flipkart"
"server4","telegram4","tg","30.0","ServiceList(serviceId=478, serviceCode=tg, serviceName=Telegram)","Telegram"
"server4","winmatch4","wim","8.0","ServiceList(serviceId=664, serviceCode=mai, serviceName=WinMatch)","WinMatch"
"server1","medibuddy1","mbd","10.0","ServiceList(serviceId=293, serviceCode=mbd, serviceName=MediBuddy)","MediBuddy"
"server3","zepto3","adi","11.0","ServiceList(serviceId=598, serviceCode=zpt, serviceName=Zepto)","Zepto"
"server1","shinebrandseeds1","nee","9.0","ServiceList(serviceId=816, serviceCode=nee, serviceName=Shine Brand Seeds)","ShineBrandSeeds"
"server1","foundit1","nfi","7.0","ServiceList(serviceId=733, serviceCode=nfi, serviceName=Foundit)","Foundit"
"server1","winmatch1","hci","8.0","ServiceList(serviceId=664, serviceCode=mai, serviceName=WinMatch)","WinMatch"
"server1","789jackpotsagent1","pgc","7.0","ServiceList(serviceId=772, serviceCode=pgc, serviceName=789jackpotsagent)","789jackpotsagent"
"server1","99acres1","fw","7.0","ServiceList(serviceId=147, serviceCode=fw, serviceName=99 Acres)","99Acres"
"server1","acko1","amf","7.0","ServiceList(serviceId=644, serviceCode=amf, serviceName=Acko)","Acko"
"server1","mystore1","omy","7.0","ServiceList(serviceId=702, serviceCode=omy, serviceName=Mystore)","Mystore"
"server1","appolomoon1","nmo","7.0","ServiceList(serviceId=736, serviceCode=nmo, serviceName=Appolo Moon)","AppoloMoon"
"server1","bigbasket1","bgb","7.0","ServiceList(serviceId=42, serviceCode=bgb, serviceName=bigbasket)","Big Basket"
"server1","browniestudio1","dns","7.0","ServiceList(serviceId=714, serviceCode=dns, serviceName=Brownie Studio)","BrownieStudio"
"server1","cadburyperk1","cbp","7.0","ServiceList(serviceId=56, serviceCode=cbp, serviceName=Cadbury Perk)","Cadbury Perk"
"server1","caironfashion1","aqi","7.0","ServiceList(serviceId=748, serviceCode=aqi, serviceName=Cairon Fashion)","CaironFashion"
"server1","cashmypic1","aqn","7.0","ServiceList(serviceId=758, serviceCode=aqn, serviceName=CashMyPic)","CashMyPic"
"server1","ckillcash1","ksl","7.0","ServiceList(serviceId=676, serviceCode=ksl, serviceName=CkillCash)","CkillCash"
"server1","clubhouse1","et","7.0","ServiceList(serviceId=121, serviceCode=et, serviceName=Clubhouse)","Club house"
"server1","clubvistara1","uba","7.0","ServiceList(serviceId=743, serviceCode=uba, serviceName=Club Vistara)","ClubVistara"
"server1","coinday1","icy","7.0","ServiceList(serviceId=674, serviceCode=icy, serviceName=CoinDay)","CoinDay"
"server1","coke2home1","hco","7.0","ServiceList(serviceId=724, serviceCode=hco, serviceName=Coke2home)","Coke2home"
"server1","coze1","aqf","7.0","ServiceList(serviceId=746, serviceCode=aqf, serviceName=Coze)","Coze"
"server1","eatsure1","tea","7.0","ServiceList(serviceId=800, serviceCode=tea, serviceName=Eatsure)","Eatsure"
"server1","eazideal1","eza","7.0","ServiceList(serviceId=796, serviceCode=eza, serviceName=EaziDeal)","EaziDeal"
"server1","edvantum1","aqw","7.0","ServiceList(serviceId=760, serviceCode=aqw, serviceName=Edvantum)","Edvantum"
"server1","exideaccess1","dcs","7.0","ServiceList(serviceId=794, serviceCode=dcs, serviceName=Exide Access)","ExideAccess"
"server1","firstgames1","ssf","7.0","ServiceList(serviceId=798, serviceCode=ssf, serviceName=First Games)","FirstGames"
"server1","funcode1","can","7.0","ServiceList(serviceId=656, serviceCode=can, serviceName=FunCode)","FunCode"
"server1","goldenplusgp1","aqp","7.0","ServiceList(serviceId=756, serviceCode=aqp, serviceName=Golden Plus GP)","GoldenPlusGP"
"server2","google2","go","7.0","ServiceList(serviceId=168, serviceCode=go, serviceName=Google)","Google"
"server1","meesho1","hp","7.0","ServiceList(serviceId=313, serviceCode=hp, serviceName=Meesho)","Meesho"
"server1","microsoft1","mm","6.0","ServiceList(serviceId=305, serviceCode=mm, serviceName=Microsoft)","Microsoft"
"server1","mynestle1","lne","7.0","ServiceList(serviceId=670, serviceCode=lne, serviceName=MyNestle)","MyNestle"
"server1","navi1","naa","7.0","ServiceList(serviceId=683, serviceCode=naa, serviceName=Navi)","Navi"
"server1","netmeds1","eme","7.0","ServiceList(serviceId=116, serviceCode=eme, serviceName=Netmeds)","Netmeds"
"server1","nykaa1","nkn","7.0","ServiceList(serviceId=331, serviceCode=nkn, serviceName=Nykaa)","Nykaa"
"server1","olacabs1","ly","7.0","ServiceList(serviceId=289, serviceCode=ly, serviceName=Olacabs)","Olacabs"
"server1","pokercircle1","pcc","7.0","ServiceList(serviceId=713, serviceCode=pcc, serviceName=PokerCircle)","PokerCircle"
"server1","pokersaint1","pks","7.0","ServiceList(serviceId=373, serviceCode=pks, serviceName=Poker Saint)","PokerSaint"
"server1","rapido1","prd","7.0","ServiceList(serviceId=384, serviceCode=prd, serviceName=Rapido)","Rapido"
"server1","rayobyte1","aqh","7.0","ServiceList(serviceId=747, serviceCode=aqh, serviceName=Rayobyte)","Rayobyte"
"server1","rediffmail1","co","7.0","ServiceList(serviceId=70, serviceCode=co, serviceName=Rediffmail)","Rediffmail"
"server1","rummyguru1","umy","7.0","ServiceList(serviceId=692, serviceCode=umy, serviceName=Rummy Guru)","RummyGuru"
"server1","sevlon1","lsv","7.0","ServiceList(serviceId=715, serviceCode=lsv, serviceName=Sevlon)","Sevlon"
"server1","sikka1","iik","7.0","ServiceList(serviceId=208, serviceCode=iik, serviceName=Sikka)","Sikka"
"server1","siply1","np","7.0","ServiceList(serviceId=334, serviceCode=np, serviceName=Siply)","Siply"
"server1","sityflo1","ofi","7.0","ServiceList(serviceId=682, serviceCode=ofi, serviceName=cityflo)","Sityflo"
"server1","sixer1","rex","7.0","ServiceList(serviceId=671, serviceCode=rex, serviceName=Sixer)","Sixer"
"server1","skillclash1","skc","7.0","ServiceList(serviceId=460, serviceCode=skc, serviceName=SkillClash)","SkillClash"
"server1","skillfantasy1","nfs","7.0","ServiceList(serviceId=728, serviceCode=nfs, serviceName=Skill Fantasy)","SkillFantasy"
"server1","smytten1","yen","7.0","ServiceList(serviceId=720, serviceCode=yen, serviceName=Smytten)","Smytten"
"server1","spartanpoker1","spp","7.0","ServiceList(serviceId=466, serviceCode=spp, serviceName=Spartan Poker)","SpartanPoker"
"server1","stockedge1","ggg","7.0","ServiceList(serviceId=461, serviceCode=ske, serviceName=StockEdge)","StockEdge"
"server1","777ace1","eec","12.0","ServiceList(serviceId=813, serviceCode=eec, serviceName=777ACE)","777ACE"
"server1","hinge1","vz","11.0","ServiceList(serviceId=812, serviceCode=vz, serviceName=Hinge)","Hinge"
"server1","citymall1","ama","9.0","ServiceList(serviceId=18, serviceCode=ama, serviceName=City Mall)","CityMall"
"server1","samsung1","gs","7.0","ServiceList(serviceId=309, serviceCode=gs, serviceName=Samsung Shop)","Samsung"
"server1","bluboy1","uub","8.0","ServiceList(serviceId=730, serviceCode=uub, serviceName=Bluboy)","Bluboy"
"server4","magicpin4","ngc","7.0","ServiceList(serviceId=327, serviceCode=ngc, serviceName=Magicpin)","Magicpin"
"server1","bjpnarendramodi1","bjp","35.0","ServiceList(serviceId=811, serviceCode=bjp, serviceName=BJP (Narendra Modi))","BJPNarendraModi"
"server1","shikhar1","aki","11.0","ServiceList(serviceId=817, serviceCode=aki, serviceName=Shikhar)","Shikhar"
"server4","truemeds4","tdr","8.0","ServiceList(serviceId=624, serviceCode=tdr, serviceName=TRUEMEDS)","TRUEMEDS"
"server1","3patticlub1","bbb","10.0","ServiceList(serviceId=819, serviceCode=bbb, serviceName=3 Patti Club)","3PattiClub"
"server1","khelostar1","rts","10.0","ServiceList(serviceId=820, serviceCode=rts, serviceName=Khelostar)","Khelostar"
"server1","puntraja1","tja","10.0","ServiceList(serviceId=821, serviceCode=tja, serviceName=Puntraja)","Puntraja"
"server1","axissplash1","ssi","8.0","ServiceList(serviceId=818, serviceCode=ssi, serviceName=Axis Splash)","AxisSplash"
"server1","eatclub1","cul","12.0","ServiceList(serviceId=822, serviceCode=cul, serviceName=Eat club)","Eatclub"
"server1","mbm1","bmm","8.0","ServiceList(serviceId=823, serviceCode=bmm, serviceName=MBM)","MBM"
"server1","yonogames1","agr","10.0","ServiceList(serviceId=824, serviceCode=agr, serviceName=Yono Games)","YonoGames"
"server4","pharmeasy4","fc","10.0","ServiceList(serviceId=372, serviceCode=fc, serviceName=PharmEasy)","PharmEasy"
"server1","dainikbhaskar1","hsa","9.0","ServiceList(serviceId=825, serviceCode=hsa, serviceName=Dainik Bhaskar)","DainikBhaskar"
"server4","zepto4","adi","10.0","ServiceList(serviceId=598, serviceCode=zpt, serviceName=Zepto)","Zepto"
"server3","narendramodi3","qcx","13.0","ServiceList(serviceId=805, serviceCode=nem, serviceName=Narendra Modi)","NarendraModi"
"server1","bjporg1","jpj","5.0","ServiceList(serviceId=828, serviceCode=jpj, serviceName=BJP.ORG)","BJPORG"
"server1","playrummy1","pmm","10.0","ServiceList(serviceId=377, serviceCode=pmm, serviceName=Playrummy)","Playrummy"
"server1","winexch1","cch","10.5","ServiceList(serviceId=826, serviceCode=cch, serviceName=Winexch)","Winexch"
"server3","bjpnarendramodi3","qcx","0.0","ServiceList(serviceId=811, serviceCode=bjp, serviceName=BJP (Narendra Modi))","BJPNarendraModi"
"server1","fasterwins1","ttn","10.0","ServiceList(serviceId=829, serviceCode=ttn, serviceName=FasterWins)","FasterWins"
"server1","blinkit1","kbl","10.0","ServiceList(serviceId=830, serviceCode=kbl, serviceName=Blinkit)","Blinkit"
"server1","rechargepos1","ero","16.0","ServiceList(serviceId=827, serviceCode=ero, serviceName=Recharge POS)","RechargePOS"
"server1","51exch1","cce","12.0","ServiceList(serviceId=831, serviceCode=cce, serviceName=51EXCH)","51EXCH"
"server1","nats1","sns","10.0","ServiceList(serviceId=832, serviceCode=sns, serviceName=Nats)","Nats"
